rank,trait,top10_count
1,interdisciplinary,5
2,speculative,5
3,skeptical,4
4,metaphorical,4
5,holistic,3
6,pessimistic,3
7,entertaining,3
8,nurturing,3
9,quantitative,2
10,challenging,2
11,risk_taking,2
12,competitive,2
13,confused,2
14,playful,2
15,inspirational,2
16,very_confused,2
17,theoretical,2
18,socratic,2
19,verbose,2
20,formal,2
21,big_picture,1
22,literal,1
23,assertive,1
24,contemporary,1
25,progressive,1
26,strategic,1
27,specialized,1
28,data_driven,1
29,methodical,1
30,serious,1
31,anxious,1
32,empathetic,1
33,humble,1
34,reactive,1
35,spontaneous,1
36,generalist,1
